"Genotype","GEBV"
"G1",1470.24664655426
"G7",782.606163473685
"G4A",426.589466673845
"G5",7.33508189832352
"G03",-264.22145469109
"G08",-497.136391826976
"G06",-767.508432421148
"G-4",-1157.9110796609
