"Genotype","BLUE_Yield"
"G-4",2900.56151386998
"G03",4008.17991211053
"G06",3227.78620131959
"G08",3703.17991211053
"G1",6167.40459956014
"G4A",4942.17385759478
"G5",4214.17385759478
"G7",5317.56151386998
